Id,Name,Longitude,Latitude
1,No Name Set,138.448596853811,-34.9457526716298
2,DIAGONAL ROAD - CLIFF STREET,138.52328863985,-34.9866570990764
3,HANSON ROAD - FIRST AVENUE RN,138.54819393432,-34.8723969826738
4,SEMAPHORE ROAD - MILITARY ROAD,138.48399004463,-34.8389114327704
6,COMMERCIAL ROAD - ST VINCENT STREET,138.505375933324,-34.844355315532
7,GRAND JUNCTION ROAD - PORT ROAD,138.509519471141,-34.8523551741615
8,SALISBURY HWY -MAWSON CONNECTOR,138.606572888781,-34.8013782915609
9,GRAND JUNCTION ROAD  ADDISON ROAD,138.528935107456,-34.8514533240749
10,GRAND JUNCTION ROAD  HANSON ROAD,138.546718372777,-34.850641629226
11,SOUTH ROAD EASTERN ACCESS RAMP  GRAND JUNCTION ROAD,138.564763739578,-34.8498325713918
12,GRAND JUNCTION ROAD -CAVAN ROAD -CHURCHILL ROAD,138.582392299032,-34.8490576072767
13,PORT WAKEFIELD ROAD - CAVAN ROAD,138.59942095807,-34.8373061035417
14,MAIN NORTH ROAD - DIAGONAL ROAD,138.615969034725,-34.8261286404911
15,MAIN NORTH ROAD-GRJUNCTRD-PTWAKEFIELD ROAD,138.600279636285,-34.8480237515428
16,GRAND JUNCTION ROAD -HAMPSTEAD ROAD -BRIENS ROAD,138.617357959773,-34.8473500228122
17,GRAND JUNCTION ROAD -FOSTERS ROAD,138.635337064663,-34.8469077695559
18,GRAND JUNCTION ROAD - NORTH EAST ROAD,138.671006917254,-34.8449910334376
19,TORRENS ROAD -ADDISON ROAD -CHELTENHAM PDE,138.529400513714,-34.863677736372
20,TORRENS ROAD - WOODVILLE ROAD,138.543473060064,-34.8722475522385
21,TORRENS ROAD - HANSON ROAD,138.548394128388,-34.8752316530667
22,TORRENS ROAD -REGENCY ROAD -DAVID TERRACE,138.550768944157,-34.8766678147799
23,REGENCY ROAD - DAYS ROAD,138.566286868626,-34.8753299006604
24,REGENCY ROAD - CHURCHILL ROAD,138.58409738835,-34.874504362213
25,MAIN NORTH ROAD - REGENCY ROAD,138.601886105496,-34.8736667557969
26,HAMPSTEAD ROAD -REGENCY ROAD,138.619169373234,-34.8725191392462
27,NORTH EAST ROAD  MULLER ROAD,138.63695880083,-34.8712526839156
28,NORTH EAST ROAD  POOLE AV  OG ROAD,138.632906761675,-34.8744732953741
29,NORTH EAST ROAD -NORTHCOTE TERRACE-STEPHEN TERRACE,138.60948720866,-34.8933427490488
30,NORTHCOTE TERRACE-ROBE TERRACE-MANN TERRACERN,138.609215894048,-34.9019466027185
31,MAIN NORTH ROAD -NOTTAGE TERRACE,138.603224046702,-34.8935078246835
32,MAIN NORTH ROAD -ROBE TERRACE-FITZROY TERRACE,138.597164317911,-34.8987068782572
33,TORRENS ROAD -FITZROY TERRACE-PARK TERRACE,138.588216415083,-34.8993679403759
34,TORRENS ROAD - CHURCHILL ROAD,138.58539338565,-34.8974998846622
35,SOUTH ROAD - TORRENS ROAD,138.570135084743,-34.8884062399596
36,TORRENS ROAD - DAYS ROAD - LAMONT STREET,138.567060843806,-34.8865507765841
37,PORT ROAD -PARK TERRACE -ADAM STREET RN,138.577036996148,-34.9085659201547
38,PORT ROAD - SOUTH ROAD,138.56638620421,-34.9012583801404
39,PORT ROAD - KILKENNY ROAD,138.548021776313,-34.8896026476278
40,PORT ROAD - WOODVILLE ROAD,138.535315527135,-34.8805922632941
41,PORT ROAD - CHELTENHAM PDE - WEST LAKES BLV,138.528092131011,-34.8763258083634
42,PORT ROAD - OLD PORT ROAD,138.51808203249,-34.8690903099192
43,OLD PORT ROAD - TAPLEYS HILL ROAD,138.512045730433,-34.8650545090487
44,FINDON ROAD -WOODVILLE ROAD -GLENROWAN ROAD,138.531323824655,-34.8853070470003
45,FINDON ROAD -CRITTENDEN ROAD -BALCOMBE AVE,138.531836627947,-34.8952246104712
46,MOUNT BARKER STRATHALBYN ROAD -DRUIDS AVE,138.855259000206,-35.065388947771
47,TAPLEYS HILL ROAD - GRANGE ROAD,138.51472783076,-34.9063694670613
48,GRANGE ROAD - FINDON ROAD,138.532557952303,-34.9054889548592
49,GRANGE ROAD -CRITTENDEN ROAD -FROBISHER AVE,138.54620253902,-34.9047827584298
50,GRANGE ROAD - HOLBROOKS ROAD,138.551309152125,-34.904534236419
51,GRANGE ROAD -SOUTH ROAD -MANTON ST,138.565865285941,-34.9044481810555
52,MAWSON CONNECTOR - MAIN ST,138.617016971319,-34.8056941937724
53,PORT WAKEFIELD ROAD - WATERLOO CORNER ROAD,138.58287596813,-34.7325672695115
54,SOUTH ROAD - HENLEY BEACH ROAD,138.569751771501,-34.9236823445965
55,HENLEY BEACH ROAD - MARION ROAD,138.55192843239,-34.9245774008506
56,HENLEY BEACH ROAD -HOLBROOKS ROAD,138.549056882234,-34.9247087877194
57,TAPLEYS HILL ROAD - HENLEY BEACH ROAD,138.517613953288,-34.9264409541476
58,JAMES CONGDON DR - RAILWAY TERRACE SOUTH,138.575677188418,-34.9302373087767
59,CROSS ROAD - CHITRAL TERRACE,138.563500593052,-34.9677471327836
60,MARION ROAD - BURBRIDGE ROAD,138.552516699594,-34.9327745991579
61,SOUTH ROAD - BURBRIDGE ROAD,138.570353023538,-34.9318707399841
62,BURBRIDGE ROAD - RAILWAY TERRACE,138.575013575856,-34.9315852842143
63,MARION ROAD - RICHMOND ROAD,138.553263872943,-34.9429942783537
64,SOUTH ROAD - RICHMOND ROAD,138.571057589734,-34.9421255637005
65,RICHMOND ROAD - RAILWAY TERRACE,138.577986986715,-34.941768183254
66,ANZAC HWY -RICHMOND ROAD -GREENHILL ROAD,138.582758752974,-34.9421878100083
67,GREENHILL ROAD - GOODWOOD ROAD,138.588896681357,-34.9419402513611
68,GREENHILL ROAD - UNLEY ROAD,138.606746908694,-34.9409952876552
69,GREENHILL ROAD - GLEN OSMOND ROAD,138.615670361558,-34.9405758730138
70,FULLARTON ROAD - GREENHILL ROAD,138.624428083035,-34.9402066460947
72,DEQUETTEVILLE TERRACE - RUNDLE STREET,138.61560858964,-34.9219139523871
73,FULLARTON ROAD -FLINDERS ST -THE PARADE,138.623185549526,-34.9218100608457
74,DEQUETTEVILLE TERRACE -NORTH TERRACE -HACKNEY ROAD,138.615140133511,-34.9195699088947
75,PAYNEHAM ROAD -MAGILL ROAD -FULLARTON ROAD,138.622638798375,-34.9157233396212
76,PAYNEHAM ROAD -NELSON ST -STEPHEN TERRACE,138.627929958488,-34.9094622836344
77,PORTRUSH ROAD - PAYNEHAM ROAD,138.639055472917,-34.8966074033053
78,LOWER NTH EAST ROAD -MONTACUTE ROAD -GLYNBURN ROAD,138.656491994712,-34.8894535662114
79,ST BERNARDS ROAD -MAGILL ROAD -PENFOLD ROAD,138.676046170681,-34.9130337880892
80,GLYNBURN ROAD - MAGILL ROAD,138.658291773507,-34.913918828766
81,PORTRUSH ROAD - MAGILL ROAD,138.640515012598,-34.9148098423762
82,PORTRUSH ROAD -EAST PARADE -THE PARADE,138.640995132814,-34.9209763508038
83,GLYNBURN ROAD - THE PARADE,138.65876254479,-34.9200760995319
86,GLYNBURN ROAD - KENSINGTON ROAD,138.659217880794,-34.9260076937081
87,PORTRUSH ROAD - KENSINGTON ROAD,138.641469001646,-34.9269804640213
88,PORTRUSH ROAD - GREENHILL ROAD,138.642422393336,-34.9391780967124
90,NORTH EAST ROAD  INNES ROAD,138.647948883252,-34.8629106642864
92,PORTRUSH ROAD -MOUNT BARKER ROAD -CROSS ROAD,138.644017733613,-34.9633779392174
93,FULLARTON ROAD - GLEN OSMOND ROAD,138.625051097186,-34.946312866511
94,FULLARTON ROAD - CROSS ROAD,138.626429849015,-34.9645587991668
95,UNLEY ROAD -CROSS ROAD -BELAIR ROAD,138.608608163271,-34.9654800757818
96,GOODWOOD ROAD - CROSS ROAD,138.590776345187,-34.9663624626121
97,SOUTH ROAD - CROSS ROAD,138.572756916074,-34.9672835386516
98,ANZAC HIGHWAY  - SOUTH ROAD,138.571941675001,-34.9529789342516
99,MARION ROAD - ANZAC HIGHWAY,138.554771558413,-34.9641009456737
100,MARION ROAD - CROSS ROAD,138.555098680248,-34.968200187777
101,ANZAC HIGHWAY -CROSS ROAD,138.548206039577,-34.9683496148105
102,MORPHETT ROAD - ANZAC HIGHWAY,138.537691968521,-34.974969836608
104,BRIGHTON ROAD -DIAGONAL ROAD -PIER STREET,138.520566700473,-34.9850239645268
105,BRIGHTON ROAD - OAKLANDS ROAD,138.521471030394,-34.9971670015615
106,MORPHETT ROAD - OAKLANDS ROAD,138.539282770965,-34.9960962492948
107,MARION ROAD -DAWS ROAD -OAKLANDS ROAD,138.557013690545,-34.9936780610598
108,SOUTH ROAD - DAWS ROAD,138.574895310465,-34.9928017742673
109,GOODWOOD ROAD -SPRINGBANK ROAD -DAWS ROAD,138.592764175344,-34.991976674478
110,BELAIR ROAD -SPRINGBANK ROAD -KAYS ROAD,138.610393721056,-34.9899542711202
111,SOUTH ROAD-AYLIFFES ROAD-SHEPHERDS HILL ROAD,138.576093208968,-35.0112336415822
112,SOUTH ROAD - STURT ROAD,138.569841366211,-35.016634525652
113,MARION ROAD - STURT ROAD,138.558857738831,-35.0171441578196
114,MARION ROAD -SOUTH ROAD -FLAGSTAFF ROAD,138.559433136335,-35.0258007337883
115,SOUTH ROAD - SEACOMBE ROAD,138.557429133571,-35.0283295474767
116,DIAGONAL ROAD - STURT ROAD,138.549518568113,-35.0176229221479
117,DIAGONAL ROAD - MORPHETT ROAD,138.540512242131,-35.0117434340715
118,MORPHETT ROAD - STURT ROAD,138.540963485797,-35.0182610953014
119,EASTERN PDE - FRANCIS ST,138.522694558354,-34.838570461503
120,BRIGHTON ROAD -  NORTH OF JETTY ROAD,138.522898240334,-35.0163159647816
121,BRIGHTON ROAD -STURT ROAD,138.523128826751,-35.0192053186892
122,BRIGHTON ROAD - SEACOMBE ROAD,138.523967651776,-35.0302652193342
124,DIAGONAL ROAD - OAKLANDS ROAD,138.530457018068,-34.9967011941392
125,ANZAC HWY-TAPLEYS HILL ROAD,138.519900459454,-34.9762482034936
126,PORT ROAD - JAMES CONDON DR - GEORGE STREET,138.578580023289,-34.918621116363
127,PARK TERRACE - BUNDEYS ROAD RN,138.612573147961,-34.9088188494511
128,PAYNEHAM ROAD - OG ROAD,138.642591594253,-34.8950083083682
129,PORT ROAD -FINDON ROAD -ABERFELDY AVENUE,138.53064274223,-34.8780904624689
130,PROSPECT ROAD - FITZROY TERRACE,138.594730839961,-34.8988570469231
132,NORTH EAST ROAD  HAMPSTEAD ROAD,138.620044305175,-34.8842827047083
133,PROSPECT ROAD - REGENCY ROAD,138.593101095411,-34.8740880519567
134,SOUTH ROAD - REGENCY ROAD,138.57124872834,-34.8751046429599
135,MAGILL ROAD -OSMOND TERRACE -NELSON STREET,138.631648291936,-34.9152592986189
137,STURT ROAD - UNIVERSITY DRIVE RN,138.573231900008,-35.0164770404754
138,PORT ROAD - TAPLEYS HILL ROAD,138.514731494526,-34.8633966736886
139,FLAGSTAFF ROAD  N OF BONNEYVIEW ROAD,138.562924675271,-35.0329564141137
140,TAPLEYS HILL ROAD - WEST BEACH ROAD,138.517776706556,-34.9446447640115
141,LONSDALE ROAD - LANDER ROAD RN,138.525543626831,-35.0721065484333
142,NELSON ROAD -SEMAPHORE ROAD,138.502210531809,-34.8391068741162
144,DYSON ROAD - BEACH ROAD,138.486217803054,-35.1387154784042
146,SOUTH ROAD - MAJORS ROAD,138.559530464736,-35.0549468062524
148,NELSON STREET -ST VINCENT STREET -CHURCH PL,138.502417339985,-34.8449255910312
149,SALISBURY HWY - SHEPHERDSON ROAD,138.618453092699,-34.7880709406322
150,LOWER NORTH EAST ROAD - GORGE ROAD,138.664532233499,-34.8767439722272
151,PREXY - HANSON ROAD,138.545567577587,-34.8334272090439
152,MANTON STREET - ADAM STREET,138.573327454414,-34.9093031945733
153,NORTH EAST ROAD  WANDANA AV,138.663569736988,-34.8535478427409
154,DEQUETTEVILLE TERRACE -FLINDERS ST -BARTELS ROAD,138.619218430324,-34.9250137623516
155,HART STREET - SWAN TERRACE RN,138.486825503898,-34.8452623035395
156,PORT WAKEFIELD ROAD - GLOBE DERBY DRIVE,138.596424367706,-34.7997177484568
157,PORT WAKEFIELD ROAD -SALISBURY HWY RAMP,138.597535313734,-34.8107649773422
158,MAIN NORTH ROAD  SOUTH TERRACE,138.611565461334,-34.8321092844531
159,BRIENS ROAD -BRIDGE ROAD -SOUTH TERRACE,138.624076532163,-34.8380699019704
160,PROSPECT ROAD - GRAND JUNCTION ROAD,138.591383870524,-34.8485870338075
162,SOUTH ROAD - DAY TERRACE,138.56694986045,-34.8992143056008
163,BURBRIDGE ROAD - AIRPORT ROAD,138.541235740404,-34.9326188100772
164,TAPLEYS HILL ROAD - BURBRIDGE ROAD,138.517331495599,-34.9343590200339
165,SOUTH ROAD -WHEATSHEAF ROAD -FLAXMILL ROAD,138.523653896947,-35.1262446112418
166,HENLEY BEACH ROAD - ROWELLS ROAD,138.534836212082,-34.9269991339103
167,HENLEY BEACH ROAD -AIRPORT ROAD,138.543817212489,-34.9249725255323
168,NORTH EAST ROAD  SMITH ST,138.612144572389,-34.8903660099985
169,TORRENS ROAD -LIBERTON AVE ROSETTA STREET,138.563567788609,-34.8844344264339
170,PORT ROAD - ROSETTA ST,138.554373698687,-34.8938143555628
171,MORPHETT ROAD  - MARION SHOPPINGTOWN ACCESS,138.540774339378,-35.0157962862047
172,DIAGONAL ROAD - MARION SHOPPING CENTRE,138.545020454573,-35.014142486972
173,NEWTON ROAD-MONTACUTE ROAD-STBERNARDS ROAD,138.67422890536,-34.8886134194198
174,SOUTH ROAD -O SULLIVANS BEACH ROAD -BAINS ROAD,138.522873667877,-35.1157809795383
175,PAYNEHAM ROAD - LAMBERT ROAD RN,138.634147856557,-34.9021462528548
176,GLEN OSMOND ROAD  - HUTT ROAD,138.612812229703,-34.9387167492239
177,FULLARTON ROAD - FISHER STREET RN,138.625851910052,-34.9568848981088
178,DUTHY STREET  - FISHER STREET,138.614810675736,-34.9573986547625
180,HUTT ROAD -GREENHILL ROAD -GEORGE STREET,138.612748520129,-34.9405364898295
181,GREENHILL ROAD-PEACOCK ROAD-KING WILLIAM,138.600529835936,-34.9413323367569
182,DUTHY STREET  - WATTLE STREET,138.614590712742,-34.9544104331172
185,CROSS ROAD -EAST AVENUE -WINSTON AVENUE,138.581761188768,-34.9668232282851
186,PORT ROAD - EAST AVENUE,138.551058051097,-34.8916200860887
187,BURBRIDGE ROAD -BAGOT AVENUE BROOKER TERRACE,138.561320823638,-34.9322936643649
188,SOUTH ROAD -EVERARD AVENUE BARWELL AVENUE,138.571393256969,-34.9463331368301
189,SALISBURY HWY - SPAINS ROAD,138.633928529189,-34.7707755055495
190,MAIN NORTH ROAD -JOHN RICE AVENUE,138.676395166632,-34.7465857185355
191,MAIN NORTH ROAD -HOGARTH ROAD -SHANDON DRIVE,138.676287739956,-34.7414540173257
192,ADELAIDE ROAD-JULIAN TERRACE,138.748278779059,-34.6033108682763
193,MURRAY STREET -BAROSSA VALLEY WAY,138.74909756872,-34.597213444142
194,MAIN NORTH ROAD -MIDWAY ROAD -FAIRFIELD ROAD,138.674989248203,-34.7289431564475
195,MAIN NORTH ROAD -PHILIP HIGHWAY -YORKETOWN ROAD,138.673184709154,-34.7196951274992
196,MAIN NORTH ROAD -ELIZABETH WAY -IFOULD ROAD,138.673519363289,-34.7155455012154
197,MAIN NORTH ROAD -TOLMER ROAD -WOMMA ROAD,138.678490725084,-34.7072111216893
198,MAIN NORTH ROAD -MIDWAY ROAD -WOODFORD ROAD,138.683538890764,-34.6996082065799
199,HAMPSTEAD ROAD - TAUNTON ROAD,138.619825264264,-34.8820156733409
200,SALISBURY HWY -PARK TERRACE -WATERLOO CORNER ROAD,138.640370336634,-34.7636254138007
201,CROSS ROAD -DUTHY STREET -HARROW TERRACE,138.61539695917,-34.9651268394729
202,NORTH EAST ROAD  RESERVOIR ROAD,138.687949491843,-34.8315483602014
203,GRAND JUNCTION ROAD -RESERVOIR ROAD,138.688915639112,-34.8439174350105
204,LOWER NORTH EAST ROAD -AWOONGA ROAD,138.694589607174,-34.8557177660882
205,SUDHOLZ ROAD - SIR ROSS SMITH BOULEVARD,138.650579275806,-34.8531081404166
206,MAIN NORTH EAST ROAD - SUDHOLZ ROAD,138.655547406331,-34.8572337766944
207,ANZAC HIGHWAY - LEADER STREET,138.576906765506,-34.949084618776
208,ROWELLS ROAD - PIERSON ST,138.535307489565,-34.9196617532858
209,ANZAC HIGHWAY -BECKMAN STREET GRAY STREET,138.563173556658,-34.9584554515439
211,DAWS ROAD - WINSTON AVENUE RN,138.583714152579,-34.9924097897557
212,BELAIR ROAD - GRANGE ROAD - NEWARK ROAD,138.609439153279,-34.9764493927163
213,GOODWOOD ROAD -GRANGE ROAD -EDWARD STREET,138.591640162741,-34.9772513702827
214,SOUTH ROAD -EDWARD STREET ACKLAND STREET,138.573749691879,-34.9781751020271
216,SOUTH ROAD EASTERN ACCESS ROAD  KATEENA ST,138.565187732458,-34.8562235533784
217,SOUTH ROAD - FURNESS AVENUE RN,138.574160920152,-34.9831684405413
218,SIR DONALD BRADMAN DR - IKEA ACCESS ROAD,138.537288861678,-34.9328272934383
219,SOUTH ROAD - RAGLAN AVENUE RN,138.573849449598,-34.979619445332
220,GLEN OSMOND ROAD -KENILWORTH ROAD YOUNG STREET,138.620844607846,-34.9437424151296
221,GOODWOOD ROAD - LEADER STREET,138.589435304449,-34.9485948228623
222,MAIN NORTH ROAD - BLACK TOP ROAD,138.679125468457,-34.7520559442674
223,SOUTH ROAD EASTERN ACCESS ROAD  DAYS ROAD,138.566020241542,-34.8584037821554
224,TAPLEYS HILL ROAD - TRIMMER PARADE,138.513733983031,-34.8917904888193
225,OLD PORT ROAD -FREDERICK ROAD -WEBB STREET,138.503014032409,-34.8595506263182
226,MARION ROAD - RAGLAN AVENUE - BRAY STREET,138.556023561685,-34.980559864231
227,GRAND JUNCTION ROAD -AWOONGA ROAD,138.693940886841,-34.8436973326054
228,FULLARTON ROAD - MAITLAND STREET,138.627203916151,-34.9772036849428
229,PORTRUSH ROAD - CATOR STREET RN,138.642691363257,-34.9424016324449
232,RICHMOND ROAD-DEACON AV,138.567746985057,-34.9422756404499
233,MAIN NORTH ROAD  WOOLWOOTHS DISTRIBUTION CENTRE,138.606580149018,-34.8392772845995
234,NORTH EAST ROAD  WRIGHT ROAD  SMART ROAD,138.683021903099,-34.8337714445873
235,MAIN SOUTH ROAD  PENNEYS HILL ROAD,138.525136567608,-35.147215310044
236,FINDON ROAD -TRIMMER PARADE -FIFE STREET,138.53153610832,-34.8910086458156
237,SOUTH ROAD - HONEYPOT ROAD RN,138.525032956787,-35.1455635638167
238,MAIN NORTH ROAD -SMITH ROAD -PARK TERRACE,138.661979106799,-34.7748245918184
239,SOUTH ROAD - CHANDLERS HILL ROAD,138.559481464719,-35.0606430164421
240,SOUTH ROAD -PIMPALA ROAD -SHERRIFFS ROAD,138.527191328636,-35.1050518929287
241,SOUTH ROAD -DOCTORS ROAD -BEACH ROAD,138.524477565082,-35.136727144017
242,NORTH EAST ROAD  MONTAGUE ROAD,138.692654165266,-34.82829311461
243,NORTH EAST ROAD  GOLDEN GROVE ROAD,138.693757674688,-34.827926398386
244,COMMERCIAL ROAD-JOHN RICE AV -GAWLER ST,138.648892605798,-34.7539458470546
245,NORTH EAST ROAD  TTP CAR PARK ENTRY (NORTH),138.691667322271,-34.8287882472588
246,THE PARADE - OSMOND TERRACE,138.632195451448,-34.9213550161411
247,MCINTYRE ROAD  BRIDGE ROAD,138.657061772823,-34.798025043185
248,BRIDGE ROAD - CLAYSON ROAD RN,138.664592567839,-34.7894702754205
249,BRIDGE ROAD - SMITH ROAD,138.672335129175,-34.7810993529078
250,KINGS ROAD - SALISBURY HIGHWAY,138.626345249108,-34.7792101436559
251,GRAND JUNCTION ROAD  EASTERN PDE,138.536928722976,-34.8510927128771
252,MAIN NORTH ROAD - THE GROVE WAY - SAINTS ROAD,138.669456114734,-34.7661421953404
253,PORT WAKEFIELD ROAD -DIAGONAL ROAD,138.598778533711,-34.8315689459562
254,BRIDGE ROAD - RESEARCH ROAD RN,138.640145659549,-34.8194333081632
255,OSMOND TERRACE -KENSINGTON ROAD -PRESCOTT TERRACE,138.63254652811,-34.9274198606545
256,MILITARY ROAD -WEST LAKES BOULEVARD,138.482149692978,-34.8716684964809
257,WEST LAKES BVD -TURNER DRIVE,138.493933274197,-34.8773208568573
258,FREDERICK ROAD - WEST LAKES BOULEVARD,138.503702537821,-34.8798206855137
259,WEST LAKES BOULEVARD - TAPLEYS HILL ROAD,138.512782847913,-34.8794299622831
260,SUDHOLZ ROAD  - BLACKS ROAD,138.653362376048,-34.8556139845922
261,REGENCY ROAD   GALLIPOLI DR,138.575520782631,-34.8749014799884
262,PORT ROAD - PHILIPS STREET,138.57791273366,-34.913397274971
263,UNLEY ROAD - WATTLE STREET - PARK STREET,138.607813746671,-34.95476387612
264,NORTH EAST ROAD  GALWAY AV,138.615021716171,-34.8881056979442
265,DARLEY ROAD - LOWER NORTH EAST ROAD,138.668897723307,-34.8736184456661
266,RICHMOND ROAD - BROOKER TERRACE - GROVE AVENUE,138.562278041312,-34.942481471764
268,MARION ROAD - MOORINGE AVENUE,138.554463166636,-34.9597406533532
269,THE GROVE WAY - STANFORD ROAD RN,138.677312422164,-34.7692043011963
270,KINGS ROAD - HORRIE MILLER AVE,138.643755034189,-34.7898077077565
271,MAIN NORTH ROAD - CLAYSON ROAD - FROST ROAD,138.65424810265,-34.7831590142562
272,MAIN NORTH ROAD -MCINTYRE ROAD -KINGS ROAD,138.647121764733,-34.7916939158576
273,UNIVERSITY DR STURT DR,138.57298447241,-35.0185454553114
274,MAIN NORTH ROAD - MAWSON LAKES BVD,138.625229219226,-34.8162130557055
275,BRIDGE ROAD - KESTERS ROAD RN,138.649273028435,-34.8067546176846
276,NORTH EAST ROAD  HANCOCK ROAD,138.718699486277,-34.8210404942317
277,MAIN NORTH ROAD - MONTAGUE ROAD,138.617500421506,-34.8245810362298
278,BRIDGE ROAD - MONTAGUE ROAD,138.635642167509,-34.8243942397326
279,PARK TERRACE - RAILWAY LEVEL CROSSING,138.57802942531,-34.9079366491064
280,BRIDGE ROAD - WRIGHT ROAD RN,138.626547991909,-34.8346293798801
281,DARLEY ROAD -GORGE ROAD -NEWTON ROAD,138.67130092526,-34.876450164795
282,MAIN NORTH EAST ROAD - TAUNTON ROAD,138.621733755788,-34.8829815786639
283,ASCOT AVENUE - HARRIS ROAD RN,138.628072400288,-34.8881538351446
284,DIAGONAL ROAD  - MORPHETT ROAD,138.539834996466,-35.0098456569776
285,STEPHEN TERRACE - WALKERVILLE TERRACE RN,138.614590624219,-34.8973374865534
287,GRAND JUNCT ROAD-WALKLEYS ROAD-SUDHOLZ ROAD,138.649464828975,-34.8461540510904
288,WALKLEYS ROAD - WRIGHT ROAD RN,138.645287810015,-34.835787084336
290,FULLARTON ROAD - GRANT AVENUE RN,138.62396418962,-34.9323816964386
292,MARION ROAD-SIXTH AV-WALLALA AV,138.556541969635,-34.9870698553277
294,SHERRIFFS ROAD BRODIE ROAD SOUTH,138.511085633555,-35.1058669433291
295,KING WILLIAM ROAD - PARK STREET - MITCHELL ST,138.600080228535,-34.9552512830254
296,SOUTH ROAD - GEORGE STREET RN,138.568943823646,-34.9202766315536
297,VICTORIA ROAD WILLS ROAD,138.500952261199,-34.8290116113713
298,SOUTH ROAD - LONDON ROAD - DEACON AVENUE,138.570723762208,-34.9374853180331
299,BELAIR ROAD - PRINCES ROAD RN,138.609254458432,-34.9741379743908
300,BELAIR ROAD - BLYTHEWOOD ROAD,138.611547955958,-34.9837838582767
301,MAGILL ROAD - SYDENHAM ROAD - GEORGE STREET,138.627110609057,-34.9154952670454
302,THE PARADE - GEORGE STREET RN,138.636601671557,-34.9211343355341
303,FULLARTON ROAD - WATTLE STREET RN,138.625632844747,-34.9538516314603
304,COMMERCIAL ROAD -DALKEITH ROAD-NASHWAUK CR,138.47834485728,-35.2017685820623
305,EASTERN PDE    - GRAND TRUNKWAY,138.514766454203,-34.836064820769
307,SOUTH ROAD - CORUNNA AVENUE RN,138.574293571875,-34.9849830420163
308,SOUTH ROAD - HAWKER STREET RN,138.568922726236,-34.8924206073377
309,TAPLEYS HILL ROAD - CLARK TERRACE,138.51361145549,-34.8900481543645
310,SHERRIFFS ROAD - HILLIER ROAD RN,138.522060669135,-35.1053166620863
311,COMMERCIAL ROAD - DALE STREET - GODFREY STREET,138.506630155443,-34.8462741318587
312,BRIGHTON ROAD-JETTY ROAD-MAXWELL,138.520180358156,-34.9800400372071
313,JETTY ROAD  - GORDON STREET,138.517723343569,-34.9801610793405
314,ST VINCENT ST  PERKINS DR,138.514931073095,-34.8433160140177
315,PORT RIVER EXP  PERKINS DR,138.514881589571,-34.8409621634823
316,GREENHILL ROAD - SIR LEWIS COHEN AVE,138.594850432351,-34.9416256293409
317,MOUNT BARKER STRATHALBYN ROAD -EXIT RAMP,138.852224122927,-35.0573477742503
318,PHILIP HIGHWAY - HOGARTH ROAD,138.658831448675,-34.7381174921647
319,PHILIP HIGHWAY - ELIZABETH WAY,138.669211197338,-34.7216114953579
320,PORT RIVER EXP  NELSON ST,138.502945243242,-34.8379500586983
321,SALISBURY HIGHWAY - GAWLER STREET,138.64425337189,-34.7584538497586
322,KINGS ROAD - CROSS KEYS ROAD RN,138.636701748244,-34.7853887379387
323,SOUTH ROAD - CORMACK ROAD,138.564064149457,-34.8405513176653
325,GRAND JUNCTION ROAD -NELSON ROAD,138.663036833791,-34.8453248947565
326,SIR DONALD BRADMAN DR -BURBRIDGE BUSINESS ACCESS ROAD,138.527834733735,-34.9338070798033
328,PROSPECT ROAD & STAPLES COURT,138.593794353986,-34.884450827251
329,SMITH ROAD - GLOUCESTER AVENUE,138.667166062687,-34.7780253568233
331,ELDER SMITH ROAD -MAIN NORTH ROAD -MAXWELL ROAD,138.63157385353,-34.8091788627015
332,MOUNT BARKER STRATHALBYN ROAD -MORPHETT ST-DUMAS ST,138.85622380903,-35.0666501063962
333,GRAND JUNCTION ROAD  WINGFIELD ROAD  RICHARD ST,138.551230399973,-34.8504170939561
334,LONSDALE ROAD  - PAPTA DRIVE & LANDER AVE,138.516671065795,-35.0794070724213
336,OG ROAD - FOURTH AVENUE RN,138.635189666271,-34.8791694546769
337,TAPLEYS HILL ROAD -VALETTA ROAD-MARLBOROUGH STREET,138.513441819154,-34.9127255008577
338,FINDON ROAD - VALETTA ROAD RN,138.534167611649,-34.9134996279581
339,HOLBROOKS ROAD -BEATTY STREET-HARTLEY ROAD,138.5486251624,-34.9116287640966
340,HOLBROOKS ROAD - ASHLEY STREET RN,138.548533211206,-34.9187665503358
341,ANZAC HWY (WEST OF STH ROAD ) ON OFF RAMPS,138.571288351837,-34.953227291717
343,SOUTH ROAD - FLINDERS DRIVE RN,138.566917467282,-35.0191631063277
344,PORT WAKEFIELD ROAD - SALISBURY HWY RAMP,138.597324877223,-34.8123654793651
345,PAYNEHAM ROAD - HARROW ROAD RN,138.624768901428,-34.9132047904919
349,GLYNBURN ROAD  ARTHUR ST,138.65750681525,-34.904185569647
350,Cheltenham Pde Level Crossing,138.528752931886,-34.8699658534802
351,OLD BELAIR ROAD  - BLYTHEWOOD ROAD,138.618941395259,-34.9834062952474
352,DYSON ROAD - O SULLIVAN BEACH ROAD,138.490496139625,-35.1173141000142
353,BOWER ROAD - CAUSEWAY ROAD,138.494986554658,-34.8519844109215
354,BOWER ROAD - BARTLEY TERRACE - GOLDSWORTHY ROAD,138.493056303195,-34.8518093945323
355,GRANGE ROAD - FREDERICK ROAD,138.505621036897,-34.9068138139424
356,PORT WAKEFIELD ROAD - MARTINS ROAD,138.596771456609,-34.7941623787556
357,SOUTH ROAD - PANALATINGA ROAD,138.546253683548,-35.0813437416151
358,OLD SOUTH ROAD  - GRANT ROAD - REYNELL ROAD,138.539283162585,-35.0939849344208
359,MAIN NORTH ROAD - EDGEWORTH STREET,138.602142228434,-34.8768991343098
360,FULLARTON ROAD - FERGUSON AVENUE,138.626139298883,-34.9605865964669
362,NORTH EAST ROAD  TARTON ROAD,138.665057043071,-34.8527740827067
363,MARION ROAD - GALWAY AVENUE,138.553705181828,-34.9491421642411
364,SOUTH ROAD - LANDER ROAD,138.550275887813,-35.0755566644532
365,HENLEY BEACH ROAD - VICTORIA STREET,138.574450043386,-34.9235869650097
367,MAIN NORTH ROAD - DARLINGTON STREET,138.600639037765,-34.8540978728522
368,FULLARTON ROAD - CLAREMONT AVENUE - KITCHENER ST,138.626928271059,-34.9708158116457
369,PORT WAKEFIELD ROAD  RYANS ROAD,138.596175409934,-34.7883449662961
371,MAIN NORTH ROAD,138.608048483554,-34.8376564504345
372,MONTAGUE ROAD - BELALIE ROAD,138.641649478565,-34.8261155715557
373,CROSS ROAD -VICTORIA AVENUE -HILDA TERRACE,138.598903093496,-34.9659465559616
374,GLEN OSMOND ROAD -CONYNGHAM ST-BEVINGTON ROAD,138.634450318931,-34.9518331601667
375,ANZAC HIGHWAY - ADELPHI TERRACE,138.514086420325,-34.9765619439175
384,GRAND JUNCTION ROAD  GALLIPOLLI DR,138.5738490942,-34.8498970556172
385,MAIN SOUTH ROAD - VICTOR HARBOR ROAD,138.493979061303,-35.1826135887838
386,CORMACK ROAD JOHANSSON ROAD,138.569846135348,-34.8402523538256
396,BRIDGE STREET  - MANNUM ROAD  - SWANPORT ROAD,139.273758948763,-35.1200793247383
400,MARION ROAD - FINNISS STREET,138.557955456026,-35.0062183245852
401,MARION ROAD - ALAWOONA AVENUE,138.558067496357,-35.0076088298924
402,THE GOLDEN WAY - TENISON PLACE - ACCESS ROAD,138.693525883231,-34.7927178054296
404,SOUTH ROAD  - MITSUBISHI ACCESS,138.575918385385,-35.0078766991099
406,WATERLOO CORNER ROAD -BAGSTERS ROAD -MARTINS ROAD,138.631216903301,-34.7559470380214
407,BRIDGE ROAD THE GROVE WAY,138.681248711423,-34.7722093045725
408,THE GOLDEN WAY - THE GROVE WAY,138.697445372939,-34.7904931808739
409,HANSON ROAD CHAMBERLAIN ST,138.545895373898,-34.8382206795134
410,GOLDEN GROVE ROAD -THE GROVE WAY -YATALA VALE,138.708748173365,-34.7955026765747
411,ELIZABETH WAY  MOUNTBRATTEN SQUARE,138.665915080378,-34.7172931767515
412,GOLDEN GROVE ROAD -GRENFELL ROAD,138.699389212368,-34.8070547930849
413,THE GOLDEN WAY  HELICON DR,138.692022985337,-34.7937080166606
414,GOLDEN GROVE ROAD - MILNE ROAD RN,138.694858388611,-34.8174626543439
415,RESERVOIR ROAD - MONTAGUE ROAD,138.687497886044,-34.8281500863682
416,WALKLEYS ROAD - MONTAGUE ROAD,138.646368075471,-34.8274150112888
417,GRAND JUNCTION ROAD - VALLEY ROAD,138.701607798324,-34.8432475231382
418,GRAND JUNCTION ROAD - WANDANA AVENUE,138.659693784938,-34.8456031548798
419,LOWER NORTH EAST ROAD - BALMORAL ROAD,138.680228630922,-34.8639457523187
420,BRIENS ROAD - ROMA MITCHELL SECONDARY COLLEGE,138.620890703729,-34.842388870598
421,HAMPSTEAD ROAD - FOLLAND AVENUE,138.618178430426,-34.8587159066117
422,LOWER NORTH EAST ROAD-VALLEY ROAD,138.702374545908,-34.8526377535904
424,SUDHOLZ ROAD - LYONS ROAD,138.65708971226,-34.8583813775546
427,LOWER NORTH EAST ROAD - GEORGE STREET,138.675697453907,-34.8694935891221
428,HANSON ROAD - RIDLEY GROVE,138.547625614287,-34.8642812504756
429,WATERLOO CORNER ROAD   WHITES ROAD NTH,138.620995901603,-34.7497526558141
430,THE GROVE WAY -ATLANTIS DRIVE-AEOLIAN STREET,138.696929701577,-34.7889959129845
431,FREDERICK ROAD - TRIMMER PARADE,138.504578495949,-34.8920895626469
432,CURTIES ROAD (LEFT CARRIAGE)  PEACHEY ROAD,138.679326974454,-34.6717970197722
434,BEACH ROAD - HANNAH ROAD,138.496957956936,-35.1380995994536
435,BEACH ROAD - MORTON ROAD,138.498892229285,-35.1380043460058
438,GRREENHILL ROAD - DEVEREUX ROAD,138.651388101542,-34.9388019395351
439,SUDHOLZ ROAD - DANBY AVENUE,138.660666306102,-34.8610736386809
440,MORPHETT ROAD - BRAY STREET,138.538146471983,-34.981370407982
441,SOUTH ROAD  WING ST,138.563186361885,-34.8365762167596
442,SOUTH ROAD  SOUTH TERRACE,138.563689235888,-34.8388039431746
443,OAKLANDS ROAD - HENDRIE STREET - SCHOOL ENTRANCE,138.548154106971,-34.9954284773775
445,BRIGHTON ROAD -THE CRESCENT,138.522600100778,-35.0123975746506
446,SOUTH ROAD - CELTIC AVENUE,138.575381108455,-34.9997257294669
447,SEACOMBE ROAD - DAVENPORT STREET - NEATH AVENUE,138.532936181369,-35.0297719067308
448,LONSDALE ROAD - MAJORS ROAD,138.535103312605,-35.0550295678497
449,SHERRIFFS ROAD - BRODIE ROAD,138.50933876249,-35.1059572468325
450,Wireless Road - Riddoch Highway,140.787988601471,-37.8138429183646
451,GOLDSMITH DRIVE  - HONEYPOT ROAD,138.499444661016,-35.1446953579041
452,SOUTH ROAD - RANDELL ROAD - CONINGTON CRESCENT,138.523191365973,-35.1197808522351
453,MAIN NORTH RD - TIVER RD,138.724533081418,-34.6395901086288
454,SHERRIFFS ROAD -DYSON ROAD -LONSDALE ROAD,138.498956149831,-35.1065005719001
455,BEACH ROAD - ROY TERRACE,138.474194448052,-35.1393036437912
456,MONTACUTE ROAD - FOREST AVENUE RN,138.681142243652,-34.8882677609978
457,COMMERCIAL ROAD -WILTSHIRE ST-PONTON ST-SOUTH TERRACE,138.649561448505,-34.7619461663953
458,HANSON ROAD - CHAPMAN ROAD - NINTH AVENUE,138.547504514515,-34.8624668399545
459,MAIN NORTH ROAD - ULEY ROAD,138.690380069011,-34.6887214341447
460,PARK TERRACE - HAWKER STREET  - BARTON ROAD,138.584048593654,-34.9026927172764
461,MAIN NORTH ROAD - ANDERSON WALK,138.693274241386,-34.6839350504231
462,SEMAPHORE ROAD - CAUSEWAY ROAD,138.492588848735,-34.8405494686639
464,GLYNBURN ROAD  MARIAN ROAD,138.657380241191,-34.9009377416996
466,CHIEF STREET - HAWKER STREET,138.578835478333,-34.8987486238309
467,KENIHANS ROAD - BYARDS ROAD,138.55866403871,-35.0825589161601
469,BEACH ROAD - GOLDSMITH DRIVE,138.501903162084,-35.1378681739439
470,PARK TERRACE -NORTH ST,138.643249895549,-34.7637803801098
471,SOUTH ROAD - PYM STREET,138.571744058258,-34.8824345581991
472,WEST LAKES BOULEVARD -CLARK TERRACE -ALMA TC,138.521001369734,-34.8836905800347
473,PHILIP HIGHWAY - SWAN CRESCENT - BLAKE ROAD,138.661746290573,-34.7335036511129
474,HANSON ROAD - CORMACK ROAD,138.546042403631,-34.8413698075139
475,UNLEY ROAD - UNLEY SHOPPING CENTRE,138.607521689785,-34.9512513674479
476,GRAND JUNCTION ROAD - PAULS DRIVE,138.655151847287,-34.8457410080177
477,PORT ROAD - CHIEF STREET,138.572068627407,-34.9056000146467
478,UNLEY ROAD - OXFORD TERRACE - ARTHUR STREET,138.607466568893,-34.9505110682092
479,SOUTH ROAD -WEST THEBARTON ROAD-ASHWIN PARADE,138.565914081655,-34.9146538524753
480,NEWTON ROAD - PLAYFORD ROAD,138.673952884786,-34.88482182682
481,GRAND JUNCTION ROAD  NEWCASTLE ST,138.521444717971,-34.8518056401657
482,GOODWOOD ROAD - RIDLEY SHOWGROUND ENTRANCE,138.589200983671,-34.9453809172123
483,PORT WAKEFIELD ROAD - CHURCHILL ROAD,138.59846545938,-34.8276683171109
484,MAIN NORTH ROAD - CRAIGNORE ROAD - CURTIS ROAD,138.696447244566,-34.6789194616112
485,NORTH CITY RING ROUTE MELBOURNE ST,138.611097201694,-34.9049945769699
486,GRAND JUNCTION ROAD -BOWER ROAD -OLD PORT ROAD,138.502209572036,-34.8525206890862
487,TORRENS ROAD - CHIEF STREET,138.581959179298,-34.8955835428613
488,BURBRIDGE ROAD - RAIL TERMINAL ACCESS ROAD,138.580346816182,-34.9303845349763
489,DARLEY ROAD - GAMEAU ROAD,138.663034019257,-34.8670691030557
490,LOWER NORTH EAST ROAD -ANN STREET,138.663547083057,-34.8783116761959
491,SMART ROAD - BUSWAY ACCESS ROAD,138.694892181828,-34.8331135841015
492,NORTH EAST ROAD  PITMAN ROAD,138.651381148955,-34.8602905673056
493,TAPLEYS HILL ROAD - WARREN AVENUE,138.516772413476,-34.9626894415379
494,MCINTYRE ROAD  THE GOLDEN WAY - SLIP LANE,138.675213316654,-34.81167963105
495,MCINTYRE ROAD  MILNE ROAD,138.677423936473,-34.8182037365649
496,MCINTYRE ROAD  MONTAGUE ROAD,138.679878338588,-34.8285188002701
497,MCINTYRE ROAD  WRIGHT ROAD,138.680372101614,-34.8339102376839
498,NORTH EAST ROAD  MCINTYRE ROAD,138.6806196182,-34.835609798374
500,APPROX  SOUTH OF BERKELEY ST,138.528920102596,-34.8684006935257
501,PORT WAKEFIELD ROAD -BOLIVAR ROAD,138.592993080386,-34.7632384470607
502,PANALATINGA ROAD - REYNELL ROAD,138.546697604224,-35.0936124291893
503,PANALATINGA ROAD - PIMPALA ROAD,138.54748139337,-35.1040580409211
504,PANALATINGA ROAD - BAINS ROAD,138.548221176132,-35.1145117608825
506,PANALATINGA ROAD -KENIHANS ROAD -OLD SOUTH ROAD,138.546236355406,-35.0830200861816
507,SOUTH ROAD - ROBINSON ROAD  - GRIFFITHS DR,138.490237849216,-35.1907300140609
508,COMMERCIAL ROAD - GRIFFITHS DRIVE,138.477742385967,-35.1935531110533
511,FLAGSTAFF ROAD - ATLEY STREET,138.570565120238,-35.0451171612018
512,CORMACK ROAD  - WINGFIELD ROAD,138.550640809525,-34.8411650562154
514,SOUTH ROAD -SEAFORD ROAD -PATAPINDA ROAD,138.49590513228,-35.1799581878969
515,THE GOLDEN WAY  GRENFELL ROAD,138.684690467918,-34.8038549713708
516,THE GROVE WAY - MARIE CLARKE DRIVE,138.698115776107,-34.7927145898768
517,Woodville Rd Rail Crossing,138.538316888326,-34.8775250000492
518,COMMERCIAL ROAD - TILLER DRIVE - MAIN STREET,138.477182465017,-35.1871593869183
520,SEMAPHORE ROAD  - ESPLANADE,138.48029336471,-34.8382308877987
521,MONTACUTE ROAD HECTORVILLE ROAD,138.664883153117,-34.8890832431578
522,GAWLER SOUTH I-CH RAMP  - TRINITY DRIVE,138.734226222366,-34.6281136665727
524,EASTERN PARADE - BEDFORD STREET,138.527451780647,-34.8403620809519
525,PARK TERRACE - WILTSHIRE STREET,138.644111403194,-34.7638331216219
526,MARION ROAD - SOUTHERN EXPRESSWAY,138.559414844426,-35.0242047830404
527,SOUTH ROAD - SOUTHERN EXPRESSWAY (NORTH),138.564087396854,-35.0222163433236
530,STURT ROAD - MARION SHOPPING CENTRE,138.543658619375,-35.017910049531
531,GREENHILL ROAD - CONYNGHAM STREET,138.633607489615,-34.9396376619818
533,NORTH EAST ROAD  TTP CAR PARK ENTRY,138.689871911818,-34.8304399790503
534,COMMERCIAL ROAD  - SEAFORD ROAD,138.476684255284,-35.1809021562108
535,SOUTH ROAD SOUTHERN EXPRESSWAY,138.508378843254,-35.1658918757214
540,PORT ROAD LIGHT TERRACE-THEBARTON,138.578357227103,-34.9172644592591
541,LONSDALE ROAD   MEYER ROAD,138.49969589935,-35.1020357050644
542,FREDERICK ROAD - BREBNER DR,138.503825398709,-34.8815450050492
545,GRIFFITHS DR - APPROX  EAST OF GRAND BVD,138.483480706489,-35.1915722542868
547,BEACH ROAD  BEACH ROAD RAMP TO ADELAIDE,138.505267223687,-35.1376670865742
548,BEACH ROAD  SOUTHERN EXPRESSWAY RAMP,138.506531142097,-35.1376029718127
549,MARION ROAD  MARION ROAD RAMP TO ADELAIDE,138.559396487523,-35.0233480273384
551,Churchill Rd - Churchill Centre Access,138.583420339323,-34.8651244851492
552,Golden Grove Rd - Grenfell Rd East,138.700441134052,-34.8061731676598
556,Alawoona Avenue Level Crossing,138.566045082372,-35.0083010154357
557,DAVID TERRACE  BELMORE TERRACE,138.549009234812,-34.885457765477
559,MAIN NORTH ROAD  KESTERS ROAD,138.63897951264,-34.800542200357
560,PORTRUSH ROAD  BEULAH ROAD,138.640755969972,-34.9178615625459
563,Port Road - Coglin Street,138.568814940045,-34.9031279949088
564,Churchill Rd - Kitchener St - GWA Access,138.583725904241,-34.8685111258763
565,Main North Rd - Liebherr Access,138.635237617685,-34.8048958939263
571,FIVEASH DRIVE; DAY DRIVE,138.590011634216,-35.0021627290418
572,SOUTH ROAD: TAIT STREET,138.570862187422,-34.8874922567862
573,SOUTH ROAD; DARTMOUTH STREET,138.569529402728,-34.8900258002016
1002,DAWS ROAD  W OF PERCY AVENUE MITCHELL PARK,138.565613408861,-34.993292000835
1003,GOODWOOD ROAD  S OF ROSA STREET GOODWOOD,138.589636420905,-34.9514474777592
1006,MAIN NORTH ROAD  S OF BARKER ROAD PROSPECT,138.602654373013,-34.8826156509839
1007,MAIN NORTH ROAD  S OF KINTORE AVENUE PROSPECT,138.602975691846,-34.8869941987069
1012,HENLEY BEACH ROAD  E OF CUDMORE TERRACE HENLEY BEACH,138.501689632964,-34.9253210948895
1013,SHEPHERDS HILL ROAD  W OF EDEN AVE BELLEVUE HEIGHTS,138.589668616143,-35.0276584243457
1014,SOUTH ROAD  N OF ALBERT STREET CLARENCE GARDENS,138.573495099369,-34.9745551238734
1015,SOUTH ROAD  N OF PLEASANT AVENUE GLANDORE,138.572483901444,-34.9609497622062
1020,MORPHETT ROAD  S OF CLAINES AVENUE MORPHETTVILLE,138.538571914423,-34.9869139981956
1024,ST BERNARDS ROAD  S OF ARTHUR STREET MAGILL,138.675342540355,-34.9034463966033
1025,MAIN NORTH ROAD  S OF HAREWOOD AVENUE ENFIELD,138.601304759997,-34.8650641033271
1027,MARION ROAD  S OF WHEATON STREET SOUTH PLYMPTON,138.555392987264,-34.9722987664466
1028,SOUTH ROAD  S OF SOUTHERN AVENUE ST MARYS,138.575053958458,-34.9952208752858
1029,GOODWOOD ROAD  N OF CARLISLE ROAD WESTBOURNE PARK,138.59101126605,-34.9695583410386
1030,GREENHILL ROAD   E OF CLARK STREET WAYVILLE,138.597333414131,-34.9413232139661
1031,UNLEY ROAD  N OF FREDERICK STREET UNLEY,138.6073646521,-34.9491207815035
1033,BRIGHTON ROAD  N OF BALMORAL AVENUE NORTH BRIGHTON,138.521938492728,-35.0034596807416
1035,MARION ROAD  S OF EVERLY ROAD MARION,138.557389465364,-34.998724800124
1038,HENLEY BEACH ROAD  W OF HENLEY STREET MILE END,138.55936861252,-34.9242944532847
1039,GOODWOOD ROAD  S OF AVER AVENUE DAW PARK,138.591985241073,-34.9808010036241
1056,DIAGONAL ROAD  SE OF KEYNES AVENUE WARRADALE,138.535334748943,-35.0035432754873
1059,BURBRIDGE ROAD  E OF DAVIS ST WEST BEACH,138.509775111714,-34.9355564685019
1061,UNLEY ROAD  N OF YOUNG STREET UNLEY,138.607010811238,-34.9443449803645
1063,MARION ROAD  S OF PETER STREET MARION,138.557875160784,-35.0052341155825
1067,GOODWOOD ROAD  N OF FRANCIS STREET KINGS PARK,138.590485410473,-34.9624623212046
1068,SHEPHERDS HILL ROAD  E OF GLADSTONE ROAD BLACKWOOD,138.615782921776,-35.0212873536655
1069,NORTH EAST ROAD  SW OF WINDSOR GROVE WINDSOR GARDENS,138.641527925693,-34.8679157553997
1072,LOWER PORTRUSH ROAD  NW OF BEASLEY STREET MARDEN,138.633838063845,-34.8923500183998
1073,PORTRUSH ROAD  N OF JONES AVENUE TRINITY GARDENS,138.640098084624,-34.9091133317556
1074,REGENCY ROAD  W OF BURNS AVENUE SEFTON PARK,138.608502290382,-34.8733463972174
1075,BRIGHTON ROAD  N OF BARWELL AVENUE SEACLIFF,138.524461129859,-35.0367927769952
1077,HAMPSTEAD ROAD  N OF WINDSOR AVENUE CLEARVIEW,138.618545615485,-34.8638075205386
1079,THE GOLDEN WAY  NE OF BOTANY DRIVE GOLDEN GROVE,138.706502129456,-34.7850567956448
1080,MARION ROAD  S OF PASSMORE STREET RICHMOND,138.552977951062,-34.9389859985836
1082,UNLEY ROAD  N OF MARLBOROUGH STREET MALVERN,138.608158908996,-34.9587101389578
1083,TAPLEYS HILL ROAD  N OF BRENTHORPE ROAD SEATON,138.513224538676,-34.8851002070116
1094,PORTRUSH ROAD  STAFFORD GROVE HEATHPOOL,138.641747935832,-34.9306188843331
1103,PORTRUSH ROAD  S OF HAY ROAD LINDEN PARK,138.643048676645,-34.9475109910452
1104,GRAND JUNCTION ROAD  W OF FLORENCE AVENUE GEPPS CROSS,138.594529126873,-34.8483518235381
1108,MULLERS ROAD  E OF IVY STREET GREENACRES,138.625973846605,-34.8717327366869
1109,BRIDGE ROAD  SW OF BEAFIELD ROAD PARA HILLS WEST,138.65259045922,-34.803086448974
1111,NORTHCOTE TERRACE  N OF EDWIN TERRACE MEDINDIE,138.609282164432,-34.897774027382
1113,SOUTH ROAD  N OF PACKARD AVENUE CROYDON PARK,138.571499997576,-34.8788327771239
1116,SPRINGBANK ROAD  E OF TORONTO AVENUE CLAPHAM,138.602879782149,-34.9903108892097
1119,GOODWOOD ROAD N OF WINDSOR AVENUE DAW PARK,138.592450325945,-34.986985312675
1128,DIAGONAL ROAD  NW OF DUNROBIN ROAD WARRADALE,138.539057104175,-35.0087481307821
1129,PORTRUSH ROAD  S OF HARCOURT ROAD PAYNEHAM,138.63961448945,-34.902306685428
1134,TAPLEYS HILL ROAD  S OF MCFARLANE STREET GLENELG NORTH,138.517171419984,-34.9708738132034
1136,GRANGE ROAD  E OF HART STREET KIDMAN PARK,138.523001271779,-34.9059795596931
1138,GRAND JUNCTION ROAD  W OF COLES STREET ENFIELD,138.605097764867,-34.8477942343432
1142,GEORGE STREET N OF YOUNG STREET PARKSIDE,138.613005352514,-34.9441384504812
1143,GRAND JUNCTION ROAD  E OF STIRLING STREET NORTHFIELD,138.622944220991,-34.847405296955
1144,SEACOMBE ROAD  E OF YERONG STREET SEACOMBE GARDENS,138.546190134373,-35.0288959535161
1145,BELAIR ROAD  N OF SEAFIELD AVENUE KINGSWOOD,138.608964996317,-34.9701567587706
1146,CROSS ROAD  E OF CHURCHILL AVENUE CLARENCE PARK,138.58706944188,-34.9665502538125
1149,PROSPECT ROAD  N OF METHUEN STREET FITZROY,138.594522251238,-34.8951297926149
1152,CHURCHILL ROAD  N OF GOODMAN AVENUE BLAIR ATHOL,138.582910439274,-34.8571362067977
1154,STURT ROAD  W OF GRANDVIEW GROVE STURT,138.55496208633,-35.0173361313188
1157,SMART ROAD  W OF HATHERLEIGH AVENUE MODBURY,138.690160360771,-34.8334204501259
1159,NORTH TERRACE  SW OF TRINITY STREET COLLEGE PARK,138.621017135974,-34.9165479988172
1160,FREDRICK ROAD  S OF GLENBURNIE STREET SEATON,138.504121766767,-34.8858510732424
1162,CRITTENDEN ROAD  NW OF THAIN AVENUE FINDON,138.537576349855,-34.8990371145115
1163,TAPLEYS HILL ROAD  S OF CHIPPENDALE AVENUE FULHAM,138.517644213917,-34.9297950081786
1168,KENSINGTON ROAD  W OF VICTORIA TERRACE ROSE PARK,138.627788082868,-34.9276966106133
1174,ASCOT AVENUE  SE OF TONKIN STREET VALE PARK,138.625544738816,-34.8858867950379
1175,ADDISON ROAD  S OF BUTLER AVENUE PENNINGTON,138.529149709149,-34.8570738621202
1178,GLEN OSMOND ROAD  SE OF FISHER STREET GLEN OSMOND,138.638218270642,-34.9563598613438
1181,NORTH EAST ROAD  E OF ELIZABETH STREET TEA TREE GULLY,138.725507534885,-34.8207352879367
1186,TAPLEYS HILL ROAD  S OF SHEPPARD STREET ROYAL PARK,138.512169597993,-34.8696545274153
1189,MAIN ROAD  N OF SHEPHERDS HILL ROAD BLACKWOOD,138.616527469383,-35.0205537643533
1190,VICTORIA ROAD  S OF KOLAPORE AVENUE LARGS NORTH,138.501337770981,-34.8162547199357
1193,MCINTYRE ROAD  NW OF BOOLOO STREET PARA HILLS WEST,138.652830524639,-34.7953922020826
1195,SOUTH ROAD  N OF WALSH AVE ST MARYS,138.575599178037,-35.0031015691358
1200,MORPHETT ROAD  S OF SHERWOOD DRIVE OAKLANDS PARK,138.539876594581,-35.00406816249
1202,HENLEY BEACH ROAD  W OF EAST STREET TORRENSVILLE,138.562218269246,-34.924162381977
1209,BRIDGE ROAD  NE OF WILLIAMSON ROAD PARA HILLS,138.645874983374,-34.8105563532138
1210,GLYNBURN ROAD  S OF YOUNG STREET BURNSIDE,138.659890310593,-34.934702035506
1211,FIVEASH DRIVE  NE OF DAY DRIVE PASADENA,138.590770982818,-35.0016729880458
1213,JOHN RICE AVENUE  W OF OSLER STREET ELIZABETH VALE,138.669691540427,-34.7480532538994
1223,KENSINGTON ROAD  E OF HAMILTON STREET ERINDALE,138.662714040197,-34.9258496576751
1230,BYARDS ROAD  N OF HEWLETT PACKARD STREET REYNELLA EAST,138.559373571069,-35.0918671718917
1232,KENSINGTON ROAD  E OF SHIPSTERS ROAD KENSINGTON,138.65057970594,-34.9264629161401
1237,MARION ROAD  N OF HAWSON AVENUE NORTH PLYMPTON,138.554205185781,-34.9558952099016
1238,THE GOLDEN WAY  S OF GOLDEN GROVE ROAD GREENWITH,138.718946530873,-34.7696402639475
1239,HENLEY BEACH ROAD  W OF KENTON STREET LOCKLEYS,138.526555860399,-34.9260915555608
1243,MAGILL ROAD  E OF BIRKINSHAW AVENUE TRANMERE,138.66663201409,-34.9135023801024
1245,PROSPECT ROAD  N OF GLADSTONE ROAD BLAIR ATHOL,138.592325684161,-34.8627951032701
1246,GOODWOOD ROAD  N OF KYEEMA AVENUE CUMBERLAND PARK,138.591345610014,-34.9738469732619
1254,PORTRUSH ROAD  S OF FOWLERS ROAD GLEN OSMOND,138.643715564893,-34.9563404810695
1257,VICTORIA ROAD  S OF DIMBOOLA STREET TAPEROO,138.501297233686,-34.8049314061729
1273,BEACH ROAD  E OF MAJORCA ROAD HACKHAM WEST,138.511838215241,-35.1373785883247
1290,HAMPSTEAD ROAD  S OF MAIN PARADE CLEARVIEW,138.617649861452,-34.8520164675187
1291,PORT ROAD  AT GARNET STREET WELLAND,138.557828476863,-34.8961195114657
1293,ADELAIDE ROAD N OF HILL STREET MOUNT BARKER,138.852951824873,-35.0617961318846
1301,DUTHY STREET NEAR WINCHESTER STREET MALVERN,138.615032215389,-34.9603328173137
1313,GLEN OSMOND ROAD NEAR QUEENS LANE MYRTLE BANK,138.641583922546,-34.9604188778039
1314,WELLINGTON ROAD  E OF FLAXLEY ROAD MOUNT BARKER,138.857919411409,-35.0735135825148
1315,BLACK ROAD  W OF GLENDALE AVE FLAGSTAFF HILL,138.614394080191,-35.0584997640418
1322,PARK TERRACE  S OF COMMERCIAL ROAD SALISBURY,138.650025882926,-34.7675264783613
1324,REGENCY ROAD  E OF HUMPHRIES TERRACE KILKENNY,138.555990075636,-34.8758173761154
1326,MARION ROAD  S OF TORRENS ST BROOKLYN PARK,138.55226811213,-34.9293530211443
1333,MAIN NORTH ROAD NEAR AUDREY AVENUE BLAIR ATHOL,138.601095741755,-34.8620940807706
1338,KLEMZIG I CH NE BUSWAY-  E OF OG ROAD KLEMZIG,138.639648804653,-34.8861976641664
1344,GREENHILL ROAD W OF GARTRELL STREET BURNSIDE,138.662429101899,-34.9382036546039
1347,CHURCHILL ROAD  NEAR GLADSTON ROAD PROSPECT,138.584817446261,-34.8846603564126
1348,SOUTH TERRACE  SALEYARD ROAD  WOODSIDE ROADNAIRNE NAIRNE,138.902703002043,-35.0371356145206
1351,MAIN ROAD BELAIR- NW OF RUSSELL ST BELAIR,138.622984853909,-34.9984951700362
1352,GOODWOOD ROAD  NORTH OF ANGUS ST GOODWOOD,138.589828589813,-34.9538582312232
1353,LOWER NORTH EAST ROAD BETWEEN LENNOX ST & HEADING AVE CAMPBELLTOWN,138.660833018972,-34.882595675839
1360,GREENHILL ROAD   EAST OF HAMILTON BVD WAYVILLE,138.586479195914,-34.941874189874
1364,APPROX NORTH OF CULVERT ST UNLEY,138.607215942234,-34.9470805069988
1366,MAGILL ROAD - APPROX  E OF FRANK ST,138.65109161026,-34.9142666059617
1367,BRIGHTON ROAD - APPROX  S OF CECELIA ST,138.522286330933,-35.0082715290007
1375,Manton St PAC Near South Rd,138.566587898665,-34.904805220005
1378,Main North Rd - Prince Charles St PAC,138.672859295397,-34.7172818431596
1379,Cross Road - Rugby St PAC,138.610747322798,-34.9653509216575
1380,Greenhill Road PAC near Porter Street,138.609752668071,-34.9407840532064
1381,Victoria Road near Lowana Terrace,138.501309368937,-34.8110436337398
3001,NORTH TERRACE - KING WILLIAM STREET,138.599398980228,-34.9215405321688
3002,KING WILLIAM STREET HINDLEY STREET,138.59943302269,-34.9230016040908
3003,CURRIE STREET - KING WILLIAM STREET,138.599710085789,-34.9243863460381
3004,KING WILLIAM STREET - WAYMOUTH STREET,138.599636577642,-34.9257821880146
3005,KING WILLIAM STREET - FRANKLIN STREET,138.599683398744,-34.9271804081121
3006,WAKEFIELD ST -VICTORIA SQUARE,138.59993702165,-34.9286187746198
3007,KING WILLIAM STREET - GOUGER STREET,138.599925472208,-34.9301420477453
3009,KING WILLIAM STREET - STURT STREET,138.600173070172,-34.9329144845063
3011,SOUTH TERRACE - KING WILLIAM STREET,138.60052019401,-34.9356528276759
3016,GROTE STREET - KING WILLIAM ST WCWY,138.599180878452,-34.928648901679
3018,NORTH TERRACE  - PULTNEY STREET,138.605458271482,-34.9213085761387
3019,PULTNEY STREET - RUNDLE STREET,138.605549472627,-34.9226896422301
3020,PULTNEY ST - GRENFELL ST,138.605662291621,-34.9240801490948
3021,PULTNEY STREET - PIRIE STREET,138.605764173829,-34.9254704400481
3022,PULTNEY STREET - FLINDERS STREET,138.605866058079,-34.9268607307645
3023,WAKEFIELD STREET - PULTNEY STREET,138.60597783649,-34.9282872755263
3024,PULTNEY STREET - ANGAS STREET,138.606086213045,-34.9298309455165
3026,PULTNEY STREET - HALIFAX STREET,138.606301198514,-34.9326027312375
3028,SOUTH TERRACE - PULTNEY STREET,138.606504990514,-34.9353833099986
3029,MORPHETT STREET - HINDLEY STREET,138.593503031042,-34.9232989217677
3030,CURRIE STREET - LIGHT SQUARE S-N,138.592959306396,-34.9246764240741
3031,CURRIE STREET - LIGHT SQUARE N-S,138.594261310388,-34.9246932090121
3032,MORPHETT STREET - FRANKLIN STREET,138.593796862839,-34.9274785926574
3033,GROTE STREET - MORPHETT STREET,138.593905536541,-34.9290042452299
3034,MORPHETT STREET - GOUGER STREET,138.594005904742,-34.9304395850491
3035,SOUTH TERRACE - MORPHETT STREET,138.594413188065,-34.935982731377
3037,NORTH TERRACE  - FROME STREET,138.607793175957,-34.9211833089551
3038,FROME STREET - RUNDLE STREET,138.607906032424,-34.9225738155013
3039,NORTH TERRACE  - EAST TERRACE,138.610743775825,-34.9209619329067
3040,EAST TERRACE - RUNDLE ROAD,138.610799897836,-34.9224234403253
3041,WAKEFIELD STREET - HUTT STREET,138.612070967694,-34.9280376366049
3042,PORT ROAD WEST TERRACE SLIP LANE,138.586884568462,-34.9224373931595
3043,GLOVER ROAD - WEST TERRACE,138.587380820128,-34.9249263171276
3044,WEST TERRACE - GROTE STREET,138.587702673854,-34.9292598033528
3045,SOUTH TERRACE - WEST TERRACE,138.588339764658,-34.9362859490499
3046,O CONNELL STREET - PROSPECT ROAD,138.594399310338,-34.9019696113897
3047,O CONNELL STREET - TYNTE STREET,138.5958139604,-34.9059911842228
3048,LEFEVRE TERRACE - TYNTE ST,138.600231780304,-34.9049697194447
3049,O CONNELL STREET - WARD STREET,138.596875192327,-34.9086264821926
3051,KING WILLIAM ROAD - KERMODE STREET,138.598856618457,-34.9119831219527
3052,EAST TERRACE - BARTELS ROAD,138.611727131493,-34.9251731733356
3053,KING WILLIAM ROAD - SIR EDWIN SMITH AV,138.598819080534,-34.9155252032404
3054,KING WILLIAM ROAD - VICTORI DRIVE,138.599109591486,-34.9171986871563
3056,GRENFELL STREET - FROME STREET,138.608007952288,-34.923964106346
3059,SOUTH TERRACE - HUTT STREET,138.612535617213,-34.9350422785292
3062,FROME STREET - PIRIE STREET,138.608120813401,-34.925354612412
3066,FROME STREET - FLINDERS STREET,138.608222737541,-34.9267449027809
3069,WAKEFIELD STREET - FROME STREET,138.608332987252,-34.9282255050619
3070,MELBOURNE STREET - FROME ROAD,138.601177404363,-34.9108300074267
3071,MONTEFIORE ROAD - WAR MEMORIAL DR,138.593067480321,-34.9176019536269
3072,JEFFCOTT ST (LEFT CARRIAGE)  WARD ST,138.592402454351,-34.9096467306304
3073,HUTT STREET - HALIFAX STREET,138.61239595595,-34.9323080406749
3074,MELBOURNE STREET - JERNINGHAM STREET,138.605937367768,-34.9078318312657
3076,GRENFELL STREET - EAST TERRACE,138.611034441279,-34.9237712645936
3077,JEFFCOTT STREET - BARTON TERRACE WEST,138.589981857353,-34.9029818584093
3081,HUTT STREET - ANGAS STREET,138.612181287173,-34.9295182379717
3083,WEST TERRACE - HINDLEY STREET,138.587528994877,-34.9236040882875
3084,WEST TERRACE - FRANKLIN STREET,138.587844929061,-34.9277661766367
3086,BUXTON ST NEAR GLENFIELD CT NORTH ADELAIDE,138.588784031755,-34.906149329151
3087,SIR EDWIN SMITH AVE - KERMODE ST,138.600749491234,-34.9123721054553
3088,FROME ROAD - VICTORIA DRIVE,138.605905863176,-34.9168280163605
3089,MORPHETT STREET - WAYMOUTH STREET,138.593684243695,-34.9260880834406
3091,FROME STREET - ANGAS STREET,138.608454179129,-34.929706322525
3094,WEST TERRACE - STURT STREET,138.588278545593,-34.9335171994327
3096,JEFFCOTT ROAD - WELLINGTON SQUARE,138.591040781334,-34.906437505653
3098,JEFFCOTT STREET - MONTEFIORE HILL,138.593452566149,-34.9126604574162
3099,LEFEVRE TERRACE - WARD ST,138.601182465797,-34.9076478728552
3104,WEST TERRACE - GOUGER STREET,138.588064432262,-34.9307363972692
3107,HUTT ST-FLINDERS ST,138.611840056068,-34.9265636782988
3142,NORTH TERRACE MORPHETTE-CAR PARK ENTRANCE,138.593828752964,-34.9218900529237
3150,TYNTE ST-WELLINGTON SQ,138.592178594086,-34.9068206578545
3168,No Name Set,138.448596853811,-34.9457526716298
3596,No Name Set,138.448596853811,-34.9457526716298
4014,SOUTHERN EXY - N OF LANDER RD (OS014),138.543862150946,-35.0744262574502
4054,SE FREEWAY - W OF MT OSMOND I/C (OS054),138.655695949694,-34.9724296106242
4060,SE FREEWAY - W OF HEYSEN TUNNELS (OS060),138.672532005758,-34.9684535212015
4063,SE FREEWAY - E OF HEYSEN TUNNELS (OS063),138.684386000706,-34.9826804385512
4072,SE FREEWAY - BETWEEN CRAFERS I/C AND STIRLING I/C (OS072),138.711241493064,-34.9996692661289
4078,SE FREEWAY - BETEEN STIRLING I/C AND OLD CAREY GULLY RD (OS078),138.733381506981,-34.9953520037158
4406,SOUTHERN EXPRESSWAY - SOUTH OF SEACOMBE RD,138.557063453366,-35.0347225324537
4408,SOUTHERN EXPRESSWAY - 1500 METRES SOUTH OF SEACOMBE ROAD,138.555704613401,-35.0409692901727
4410,SOUTHERN EXY - NORTH OF MAJORS RD,138.549966136265,-35.0463072820011
4413,SOUTHERN EXPRESSWAY - 200 METRES SOUTH OF MAJORS ROAD,138.546145245279,-35.0564074189242
4414,SOUTHERN EXPRESSWAY - 500 METRES SOUTH OF MAJORS ROAD,138.544995561267,-35.0585566424691
4416,SOUTHERN EXPRESSWAY - 1200 METRES SOUTH OF MAJORS ROAD,138.545481037872,-35.065408488816
4418,SOUTHERN EXY - NORTH OF LANDER RD,138.543566775305,-35.0736720685848
4422,SOUTHERN EXPRESSWAY - 150 METRES SOUTH OF REYNELLA INTERCHANGE BRIDGE,138.544561872847,-35.081444695186
4424,SOUTHERN EXY - SOUTH OF PANALATINGA INTERCHANGE,138.541123093258,-35.0864050560536
4426,SOUTHERN EXPRESSWAY - YOUNG STREET,138.533779286051,-35.0880947811333
4427,SOUTHERN EXPRESSWAY - 600 METRES SOUTH OF YOUNG STREET,138.527605599115,-35.0902496394742
4429,SOUTHERN EXY - SOUTH OF YOUNG ST BRIDGE,138.520658307634,-35.0943985650983
4431,SOUTHERN EXPRESSWAY NEAR MOORE ROAD,138.514093556186,-35.1014575585002
4434,SOUTHERN EXPRESSWAY - 100 METRES SOUTH OF SHERRIFFS ROAD,138.509675566974,-35.1071450534512
4436,SOUTHERN EXPRESSWAY - 700 METRES SOUTH OF SHERRIFFS ROAD,138.508854888823,-35.1117615690578
4440,SOUTHERN EXPRESSWAY - NORTH OF GLENHELEN FOOTBRIDGE,138.507349115392,-35.1219348518929
4441,SOUTHERN EXPRESSWAY - FLAXMILL ROAD,138.505308710018,-35.1273194839233
4442,SOUTHERN EXPRESSWAY - 300 METRES NORTH OF ELIZABETH ROAD,138.504773761531,-35.1315452039251
4447,SOUTHERN EXPRESSWAY - 500 METRES NORTH OF HONEYPOT ROAD,138.505129531894,-35.1439742777663
4448,SOUTHERN EXPRESSWAY - HONEYPOT ROAD,138.505226709933,-35.1483392100653
4449,SOUTHERN EXPRESSWAY NEAR PEPPERMINT PATH,138.505659751464,-35.1532068461305
4450,SOUTHERN EXY - NEAR PERRY FOOTBRIDGE,138.50608711974,-35.1575425176021
4451,SOUTHERN EXPRESSWAY - 600 METRES NORTH OF MAIN SOUTH ROAD,138.506847842021,-35.1606681197537
4453,SOUTHERN EXPRESSWAY - MAIN SOUTH RD (OS453),138.508373700811,-35.1649813253003
4503,BRITANNIA ROUNDABOUT,138.623392445511,-34.9279171700696
4977,No Name Set,138.448596853811,-34.9457526716298
5000,North-South Motorway - South of Port River Expressway Interchange,138.562866114218,-34.8348299352427
5001,Salisbury Hwy - West of Pt Wakefield Rd Interchange,138.592399548851,-34.817100072182
5002,Leader Street Level Crossing,138.584051356158,-34.9488754344603
5003,Victoria St Level Crossing,138.585232077585,-34.9537849148392
5004,Main South Rd - Tatachilla Rd - Maslin Beach Rd,138.492688801507,-35.2220781748673
5005,Leah St Tram Crossing,138.581420284669,-34.9538352376989
5006,Main South Rd Near Perth St,138.474536187023,-35.3241818523223
5007,Main South Rd near Victory Hotel,138.472391942145,-35.3298158526755
5008,Main South Rd - 600m South of Colville Rd,138.472028389627,-35.2920394062649
5009,Main South Rd - 800m South of Malpas Rd,138.490657554018,-35.2598324787695
5010,BOLIVAR ROAD - WATERLOO CORNER ROAD,138.61077852794,-34.7434853917022
5011,AUGUSTA HIGHWAY NEAR LOCHIEL - NANTAWARRA ROAD,138.214426246335,-33.9940239900441
5012,COPPER COAST HIGHWAY 4 KILOMETRES WEST OF PASKEVILLE,137.859603318739,-34.0207515595397
5013,COPPER COAST HIGHWAY NEAR YORKE HIGHWAY,138.129600788205,-34.1187816905147
5014,AUGUSTA HIGHWAY - COPPER COAST HIGHWAY,138.156905027703,-34.1623988134489
5015,AUGUSTA HIGHWAY - 750 METRES NORTHEAST OF COPPER COAST HIGHWAY,138.162926185552,-34.1577875691477
5016,PORT WAKEFIELD ROAD  - 2 KILOMETRES SOUTHEAST OF PORT WAKEFIELD,138.16932664232,-34.199573745309
5017,PORT WAKEFIELD ROAD - MUDGE ROAD,138.200116387416,-34.2222044394184
5018,BALAKLAVA ROAD  - 2 KILOMETRES NORTHWEST OF MALLALA,138.49223186592,-34.4242698208008
5019,PORT WAKEFIELD ROAD - MALLALA ROAD,138.509084942175,-34.5943235857098
5020,AUGUSTA HIGHWAY - SMITH STREET - LOCHIEL,138.161645142701,-33.9314620368743
5055,No Name Set,138.448596853811,-34.9457526716298
7232,Port River Expressway / South Road,138.562993301901,-34.8327410436404
7299,Salisbury Highway near Magazine Rd,138.581016132178,-34.8329386940512
7318,Salisbury Highway East of Superway,138.569265176181,-34.8328665970215
8344,Pt Wakefield Rd - South of Northern Exy Interchange,138.576039366136,-34.7127786410155
8348,Pt Wakefield Rd - North of Northern Exy Interchange,138.571589325828,-34.7018088642231
8353,Northern Exy - East of Pt Wakefield Rd Interchange,138.583482441125,-34.6941031735765
8356,Northern Exy - West of Penfield Rd,138.597566352468,-34.6860428266782
8358,Northern Exy - Near Short Rd,138.608465879143,-34.680848227645
8363,Northern Exy - East of Heaslip Road,138.632371369884,-34.681414342136
8365,Northern Exy - Near Petherton Rd,138.643461768201,-34.6817105149019
8368,Northern Exy - South of Curtis Rd,138.652355089365,-34.6697657482303
8373,Northern Exy - South of Fradd Rd,138.662139682398,-34.6524101605189
8377,Northern Exy - South of Angle Vale Rd,138.670008533507,-34.638659245877
8379,Northern Exy - North of Angle Vale Rd,138.672736111768,-34.6284879668264
8382,Northern Exy - South of Two Well Rd,138.67934679572,-34.6170833400699
8386,Northern Exy - North of Two Wells Rd,138.694234274962,-34.6067546479425
8392,Northern Exy - West of Gawler Bypass,138.722865733098,-34.6016219130443
8394,Sturt Highway - North of Gawler Bypass,138.730961529798,-34.5925950197881
8396,Sturt Highway - South of Weyland Rd,138.731838846771,-34.5863906288989
9000,No Name Set,138.448596853811,-34.9457526716298
9001,No Name Set,138.448596853811,-34.9457526716298
9503,Britannia Wi-Fi,138.62308223506,-34.9280463214777
9984,No Name Set,138.448596853811,-34.9457526716298
9985,Dataplex Test ID,138.448596853811,-34.9457526716298
9986,No Name Set,138.448596853811,-34.9457526716298
9987,Salisbury Highway East of Superway - WiFi,138.569265176181,-34.8328665970215
9988,Salisbury Highway East of Superway - WiFi,138.448596853811,-34.9457526716298
9989,No Name Set,138.448596853811,-34.9457526716298
9990,Greenhill Rd - Fullarton Rd WiFi,138.624313968041,-34.939988057118
10608,Happy Valley Dr VMS near Black Rd,138.576816049294,-35.0550320985701
10609,Flagstaff Rd VMS near Salvador St,138.566971723121,-35.0384013597361
10610,Black Rd VMS near Reservoir Dr,138.578990655784,-35.0504420366604
20740,PC105 Stephen Terrace,138.62561597183,-34.9069740384507
20741,,NULL,NULL
